Lambda:20, processor number:6, step:0.1, utilization range:[0-6] period range:[100000-1e+06]
Utilization,RTA-GPF ratio,RTA-GPF ratio,RTA-GPF ratio,WF-EDF ratio,
0,1,1,1,1,
0.100002,1,1,1,1,
0.200001,1,1,1,1,
0.300001,1,1,1,1,
0.4,1,1,1,1,
0.500002,1,1,1,1,
0.6,1,1,1,1,
0.700003,1,1,1,1,
0.8,1,1,1,1,
0.900001,1,1,1,1,
1,1,1,1,1,
1.1,1,1,1,1,
1.2,1,1,1,1,
1.3,1,1,1,1,
1.4,1,1,1,1,
1.5,1,1,1,1,
1.6,1,1,1,1,
1.7,1,1,1,1,
1.8,0.999,1,1,1,
1.90001,1,1,1,1,
2,1,1,1,1,
2.1,0.996,1,1,1,
2.2,1,1,1,1,
2.3,0.993,0.999,0.999,1,
2.40001,0.972,0.999,0.999,1,
2.5,0.941,1,1,1,
2.6,0.906,0.996,0.998,1,
2.7,0.813,0.997,0.998,1,
2.8,0.662,0.992,0.993,1,
2.9,0.414,0.991,0.995,1,
3,0.219,0.992,0.997,1,
3.1,0.07,0.963,0.984,1,
3.2,0.016,0.952,0.984,1,
3.3,0.003,0.897,0.959,1,
3.4,0,0.841,0.93,1,
3.5,0,0.714,0.889,1,
3.6,0,0.589,0.846,1,
3.7,0,0.394,0.738,1,
3.8,0,0.228,0.639,1,
3.9,0,0.096,0.44,1,
4,0,0.038,0.309,0.999,
4.1,0,0.005,0.143,0.999,
4.2,0,0,0.061,0.997,
4.3,0,0,0.012,0.997,
4.4,0,0,0,0.997,
4.5,0,0,0,0.995,
4.6,0,0,0,0.992,
4.7,0,0,0,0.99,
4.8,0,0,0,0.976,
4.9,0,0,0,0.967,
5,0,0,0,0.956,
5.1,0,0,0,0.93,
5.2,0,0,0,0.91,
5.3,0,0,0,0.851,
5.4,0,0,0,0.795,
5.5,0,0,0,0.68,
5.6,0,0,0,0.548,
5.7,0,0,0,0.385,
5.8,0,0,0,0.178,
5.9,0,0,0,0.026,
6,0,0,0,0,
